{
	"credit": "Made with Blockbench",
	"texture_size": [32, 32],
	"textures": {
		"0": "cobblenav:item/fishingnav_item",
		"particle": "cobblenav:item/fishingnav_item"
	},
	"elements": [
		{
			"from": [4, 0, 7],
			"to": [12, 12, 9],
			"rotation": {"angle": 0, "axis": "x", "origin": [0, 0, 7]},
			"faces": {
				"north": {"uv": [0, 0, 4, 6], "texture": "#0"},
				"east": {"uv": [0, 6, 1, 12], "texture": "#0"},
				"south": {"uv": [4, 0, 8, 6], "texture": "#0"},
				"west": {"uv": [1, 6, 2, 12], "texture": "#0"},
				"up": {"uv": [6, 7, 2, 6], "texture": "#0"},
				"down": {"uv": [10, 6, 6, 7], "texture": "#0"}
			}
		},
		{
			"from": [4, 12, 8],
			"to": [6, 16, 9],
			"rotation": {"angle": 0, "axis": "x", "origin": [4, 12, 7]},
			"faces": {
				"north": {"uv": [2, 7, 3, 9], "texture": "#0"},
				"east": {"uv": [4, 7, 4.5, 9], "texture": "#0"},
				"south": {"uv": [3, 7, 4, 9], "texture": "#0"},
				"west": {"uv": [4.5, 7, 5, 9], "texture": "#0"},
				"up": {"uv": [6, 7.5, 5, 7], "texture": "#0"},
				"down": {"uv": [7, 7, 6, 7.5], "texture": "#0"}
			}
		}
	],
	"display": {
		"thirdperson_righthand": {
			"rotation": [0, 180, 0],
			"translation": [0, 2.75, 0],
			"scale": [0.4, 0.4, 0.4]
		},
		"thirdperson_lefthand": {
			"rotation": [0, 180, 0],
			"translation": [0, 2.75, 0],
			"scale": [0.4, 0.4, 0.4]
		},
		"firstperson_righthand": {
			"rotation": [0, 180, 0],
			"translation": [0, 3.75, 0],
			"scale": [0.7, 0.7, 0.7]
		},
		"firstperson_lefthand": {
			"rotation": [0, 180, 0],
			"translation": [0, 3.75, 0],
			"scale": [0.7, 0.7, 0.7]
		},
		"ground": {
			"translation": [0, 2, 0],
			"scale": [0.5, 0.5, 0.5]
		},
		"gui": {
			"rotation": [30, 225, 0],
			"translation": [-0.5, 0.25, 0],
			"scale": [0.8, 0.8, 0.8]
		},
		"head": {
			"rotation": [0, 90, 0],
			"translation": [-6.25, 3.5, -0.25]
		}
	},
	"groups": [
		{
			"name": "pokefinder",
			"origin": [1, 12, 0],
			"color": 0,
			"children": [0, 1]
		}
	]
}